Model,Region,MAE,RMSE,MAPE
Prophet,Annapolis Valley,60.82695048131302,83.41870047194149,42.9979700032051
Prophet,Cape Breton,97.1763666225158,143.0517515922371,39.728217587284334
Prophet,Halifax,233.6015601531236,325.25607092261447,38.74323673757838
Prophet,Pictou County,50.8482201308262,66.03315965014703,55.46712271558826
Prophet,South Shore,45.92652165729685,61.60979953338922,65.66783343113933
