Model,MAE,RMSE,MAPE
LSTM (PyTorch),126.48308563232422,237.49097022308027,74.34283447265625
Prophet,106.10875884502994,225.87627746684254,69.79483414147792
