Model,Region,MAE,RMSE,MAPE
Prophet,Annapolis Valley,21.753394846936022,48.53729067916907,29.292592286023794
Prophet,Cape Breton,38.5279249817512,83.64593537279494,32.51043765079583
Prophet,Halifax,97.51795621716717,214.45115194767035,66.20449974849585
Prophet,Pictou County,13.55445347191916,28.64594348727084,43.036092292350034
Prophet,South Shore,17.933521773264985,39.13682488494386,39.30177659154908
